{"cameraMode":{"drawMode":0,"name":"Shaded","section":"Shading Mode"},"sceneLighting":false,"audioPlay":false,"sceneViewState":{"showFog":true,"showMaterialUpdate":false,"showSkybox":true,"showFlares":true,"showImageEffects":true,"showParticleSystems":true,"showVisualEffectGraphs":true,"m_FxEnabled":true},"in2DMode":false,"pivot":{"x":-0.21753442287445069,"y":-6.079328536987305,"z":3.1751022338867189},"rotation":{"x":0.3431682884693146,"y":0.05855583772063255,"z":-0.02144123613834381,"w":0.9372032284736633},"size":12.510040283203125,"orthographic":false}