{"cameraMode":{"drawMode":0,"name":"Shaded","section":"Shading Mode"},"sceneLighting":false,"audioPlay":false,"sceneViewState":{"m_AlwaysRefresh":false,"showFog":true,"showSkybox":true,"showFlares":true,"showImageEffects":true,"showParticleSystems":true,"showVisualEffectGraphs":true,"m_FxEnabled":true},"in2DMode":false,"pivot":{"x":-0.9897470474243164,"y":-3.2884202003479006,"z":5.451062202453613},"rotation":{"x":0.3307853639125824,"y":-0.04301436245441437,"z":0.015094569884240628,"w":0.9426056146621704},"size":5.339509963989258,"orthographic":false}