{"cameraMode":{"drawMode":0,"name":"Shaded","section":"Shading Mode"},"sceneLighting":false,"audioPlay":false,"sceneViewState":{"showFog":true,"showMaterialUpdate":false,"showSkybox":true,"showFlares":true,"showImageEffects":true,"showParticleSystems":true,"showVisualEffectGraphs":true,"m_FxEnabled":true},"in2DMode":false,"pivot":{"x":-0.3745461702346802,"y":1.0222843885421754,"z":0.40877723693847659},"rotation":{"x":0.16405659914016725,"y":0.04821554198861122,"z":-0.008028930984437466,"w":0.9852438569068909},"size":2.1267411708831789,"orthographic":false}